Person,2951
GitHub,1160
bc,832
key,802
matlab,531
Maven,365
#if:,266
Infobox
,252
Unicode,220
SupportStatus,189
DevStatus,187
Component
,180
Autogenerated,172
MenuItem,158
!,147
cite,111
Logo,98
Javadoc,89
Notice,80
Key,78
Citation
,66
Clear,63
cc-zero,62
Publication,62
Warning,59
ineligible,59
#widget:YouTube,54
Citation,51
TOC,50
urlencode:,48
GitHubEmbed,45
PersonList,44
Yes,41
Learn,40
Scholar,39
DevelopMenu,37
#ifeq:,37
ListOfUpdateSites,36
cc-by-sa-4.0,26
arrow,26
Stub,21
Tip
,20
Box,19
No,19
ExpandingBox
,18
clear,18
GFDL,17
BigLink,16
SNTNavBar,15
Project,14
PAGENAME,14

<!--============,14
ambox
,14
Submenu,13
uwl,13
GitMenu,13
downarrow,13
License
,12
ambox,12
cc-by-4.0,12
Menu,12
Box
,12
ImgLibMenu,12
#time:Y,12
Infobox,11
CookbookMenu,11
#switch:,11
Tip,10
FormatsMenu,10
-,9
Minibox,9
Maintainers,9
Conference
,9
LicensesMenu,8
AboutMenu,8
Outdated,8
FijiMenu,8
BigNotice,8
bcvert,8
#widget:flash,8
lc:,8
ExtendingTrackMateTutorials,7
CIP,7
ImportingClasses,7
UpdateSitesMenu,7
Documentation,7
tooltip,6
Userbox
,6
documentation,6
Fiji,6
Book
,6
#rel2abs:,6
Hidden,6
ImageJ1,5
HelpMenu,5
PlatformsMenu,5
tl,5
Testimonial
,5
fullurl:,5
WIP,4
ImgLib1_Deprecation_Notice,4
File,4
citation
,4
AvoidProgramFiles,4
Warning
,4
Linux,4
border-radius,4
box-shadow,4
Error,4
DownloadFiji,4
#iferror:,4
pp-template,4
macOS,4
guidetask,4
tlx,4
SUBPAGENAME,4
Tech,4
unicode,4
Windows,4
Javadoc_IJ1,3
reflist,3
cc-by-3.0,3
GitHubEmbed
,3
Bc,3
Recipe
,3
#widget:Vimeo,3
Person:Albertcardona,3
Cite,3
Link
,3
NAMESPACE,3
Citation/core
,3
<!--,3
citation,3
PluginRemoved,3
t,3
a,3
ComponentStats:sc.fiji:Stitching_,2
inline,2
IDEs,2
TOC_right,2
LinuxLogo,2
art,2
ComponentStats:sc.fiji:SPIM_Registration,2
JavadocSection,2
ComponentStats:sc.fiji:Auto_Threshold,2
WinLogo,2
MacLogo,2
#widget:Google,2
Matlab,2
anchorencode:,2
RecommendedContact,2
Communication,2
Talk,2
Ambox,2
var,2
ns:Template,2
ns:User,2
para,2
Template:Outdated,2
FULLPAGENAME,2
#time:F,2
#invoke:documentation,2
ComponentStats:sc.fiji:Color_Histogram,1
ComponentStats:sc.fiji:Simple_Neurite_Tracer,1
SERVER,1
ComponentStats:sc.fiji:legacy-imglib1,1
ComponentStats:net.imagej:imagej-updater,1
path,1
#tag:timeline,1
CURRENTYEAR,1
ComponentStats:sc.fiji:Kuwahara_Filter,1
n,1
ComponentStats:sc.fiji:Thread_Killer,1
ComponentStats:sc.fiji:TrakEM2_,1
ComponentStats:sc.fiji:TrackMate_,1
#tip-text:,1
#tip-info:,1
ComponentStats:sc.fiji:Video_Editing,1
Linear-gradient/legacy,1
ComponentStats:sc.fiji:Skeletonize3D_,1
ComponentStats:sc.fiji:LSM_Toolbox,1
ComponentStats:net.imagej:MTrack,1
ComponentStats:sc.fiji:Volume_Viewer,1
Maven
,1
ComponentStats:sc.fiji:Fiji_Plugins,1
DISPLAYTITLE:Working,1
ComponentStats:sc.fiji:Correct_3D_Drift,1
otheruses4,1
ComponentStats:sc.fiji:3D_Viewer,1
ComponentStats:net.imagej:imagej-legacy,1
ComponentStats:sc.fiji:3D_Objects_Counter,1
ComponentStats:sc.fiji:Series_Labeler,1
PiLogo,1
AndroidLogo,1
#github:,1
ComponentStats:sc.fiji:MTrack2_,1
ComponentStats:sc.fiji:Fiji_Developer,1
ComponentStats:sc.fiji:Anisotropic_Diffusion_2D,1
ComponentStats:sc.fiji:Time_Stamper,1
ComponentStats:sc.fiji:VIB_,1
ComponentStats:sc.fiji:Dichromacy,1
ComponentStats:net.imagej:op-finder,1
#tip-img:/_images/d/d1/Imagej2-icon.png,1
#tip-img:/_images/a/a8/Imagej1-icon.png,1
#tip-img:/_images/a/ae/Fiji-icon.png,1
#tip-img:/_images/0/0a/Imglib2-icon.png,1
#tip-img:/_images/a/a6/Scifio-icon.png,1
#tip-img:/_images/9/93/Scijava-icon.png,1
ComponentStats:sc.fiji:CorrectBleach_,1
ComponentStats:sc.fiji:Fiji_Archipelago,1
o,1
ComponentStats:sc.fiji:Image_Expression_Parser,1
ComponentStats:sc.fiji:Volume_Calculator,1
FijiIsJustImageJ,1
ComponentStats:sc.fiji:bUnwarpJ_,1
ComponentStats:sc.fiji:Trainable_Segmentation,1
ComponentStats:org.scijava:scijava-common,1
ImageJ1
,1
#ifexpr:,1
#tag:references,1
ComponentStats:sc.fiji:Arrow_,1
urlencode:info:ofi/fmt:kev:mtx:,1
date,1
ComponentStats:sc.fiji:Samples_,1
ComponentStats:sc.fiji:CPU_Meter,1
#tree:
*,1
#menu:
*[[About]]
**,1
#widget:SWITCHtube,1
ComponentStats:sc.fiji:IO_,1
ComponentStats:sc.fiji:bigwarp_fiji,1
ComponentStats:sc.fiji:panorama_,1
ComponentStats:sc.fiji:SPIM_Opener,1
ComponentStats:sc.fiji:Manual_Tracking,1
ComponentStats:ca.mcgill:Sholl_Analysis,1
ComponentStats:sc.fiji:Archipelago_Plugins,1
ComponentStats:sc.fiji:bigdataviewer_fiji,1
1,1,1,1
16,16,16,1
ComponentStats:sc.fiji:3D_Blob_Segmentation,1
#rel2abs:.,1
SUBJECTPAGENAME,1
To,1
ns:2,1
ns:3,1
ComponentStats:sc.fiji:Graph_Cut,1
Citation/patent
,1
ComponentStats:sc.fiji:TopoJ_,1
ComponentStats:io.scif:scifio,1
ComponentStats:sc.fiji:LocalThickness_,1
ComponentStats:sc.fiji:register_virtual_stack_slices,1
ComponentStats:net.imagej:imagej-ops,1
ComponentStats:sc.fiji:Color_Inspector_3D,1
ComponentStats:net.imagej:ETrack,1
ComponentStats:sc.fiji:Reconstruct_Reader,1
ComponentStats:sc.fiji:QuickPALM_,1
ComponentStats:sc.fiji:Interactive_3D_Surface_Plot,1
ComponentStats:sc.fiji:Feature_Detection,1
ComponentStats:sc.fiji:Time_Lapse,1
R,1
ContentBox,1
ComponentStats:sc.fiji:Descriptor_based_registration,1
ComponentStats:sc.fiji:Image_5D,1
ComponentStats:sc.fiji:Siox_Segmentation,1
ComponentStats:sc.fiji:View5D_,1
Reflist,1
ComponentStats:sc.fiji:TrakEM2_Archipelago,1
ComponentStats:sc.fiji:Statistical_Region_Merging,1
ComponentStats:sc.fiji:BalloonSegmentation_,1
ComponentStats:sc.fiji:Stack_Manipulation,1
ComponentStats:sc.fiji:Helmholtz_Analysis,1
ComponentStats:sc.fiji:IsoData_Classifier,1
db-g7,1
Documentation/see,1
DISPLAYTITLE:Getting,1
ComponentStats:sc.fiji:IJ_Robot,1
ComponentStats:sc.fiji:Linear_Kuwahara,1
SERVERNAME,1
ComponentStats:sc.fiji:Multi_Kymograph,1
ComponentStats:sc.fiji:Colour_Deconvolution,1
Template:PluginList,1
trademarked,1
ComponentStats:sc.fiji:blockmatching_,1
GitHub
,1
ComponentStats:sc.fiji:RATS_,1
Notice
,1
ComponentStats:net.imagej:imagej-common,1
ComponentStats:sc.fiji:FlowJ_,1
ComponentStats:sc.fiji:Gray_Morphology,1
c,1
project,1
ComponentStats:sc.fiji:PIV_analyser,1
ComponentStats:sc.fiji:VIB-lib,1
ComponentStats:sc.fiji:M_I_P,1
ComponentStats:sc.fiji:ToAST_,1
tasks
,1
TALKPAGENAME,1
ComponentStats:sc.fiji:Lasso_and_Blow_Tool,1
linear-gradient,1
ComponentStats:sc.fiji:Vaa3d_Writer,1
ComponentStats:sc.fiji:Vaa3d_Reader,1
ComponentStats:EpiGraph,1
ComponentStats:net.imagej:imagej-command-archetype,1
</nowiki>[[Template:,1
</nowiki>,1
ComponentStats:sc.fiji:Cell_Counter,1
ComponentStats:sc.fiji:FS_Align_TrakEM2,1
Unreleased,1
:plugin:analysis:colocalizationfinder:cf_images.png?nolink&amp;400,1
ComponentStats:sc.fiji:SplineDeformationGenerator_,1
ComponentStats:sc.fiji:Fiji_Package_Maker,1
ComponentStats:sc.fiji:level_sets,1
ComponentStats:sc.fiji:AnalyzeSkeleton_,1
UpdateSitesWarning,1
ComponentStats:sc.fiji:Calculator_Plus,1
dablink,1
ns:0,1
ComponentStats:sc.fiji:Directionality_,1
DownloadVersion
,1
ComponentStats:sc.fiji:Colocalisation_Analysis,1
ComponentStats:sc.fiji:Sync_Win,1
